Institution,Score Rank In SUST 2026,Score Rank In DUET 2026,Score Rank In NSU 2026,Score Rank In NDUB 2026,Score Rank In BUET 2026,Score Rank In ICPC 2025,Score Rank In CUET 2025,Score Rank In MU 2025,Score Rank In UU 2025,Score Rank In DUET 2025,Score Rank In AUST 2025,Score Rank In UIU 2025,Score Rank In KUET 2025,Score Rank In ICPC 2024,Score Rank In BUET 2024,Score Rank In IUT 2024,Score Rank In NCPC 2024,Score Rank In SUST 2024,Score Rank In CUET 2024
BANGLADESH UNIVERSITY OF ENGINEERING AND TECHNOLOGY,1,1,1,3,1,1,1,1,1,1,1,5,1,4,9,8,3,2,3
SHAHJALAL UNIVERSITY OF SCIENCE & TECHNOLOGY,2,2,10,5,2,3,3,2,2,3,3,2,4,1,1,1,1,1,1
RAJSHAHI UNIVERSITY OF ENGINEERING & TECHNOLOGY,3,6,2,2,5,4,5,3,16,8,4,6,8,3,7,6,8,30,10
BRAC UNIVERSITY,4,11,4,7,7,9,12,4,3,2,8,4,3,7,12,2,7,3,2
UNIVERSITY OF RAJSHAHI,5,5,3,11,23,23,15,13,11,7,11,20,19,14,18,11,9,18,4
KHULNA UNIVERSITY OF ENGINEERING & TECHNOLOGY,6,8,22,17,4,11,22,16,4,23,12,3,9,9,3,15,4,4,24
JASHORE UNIVERSITY OF SCIENCE AND TECHNOLOGY,7,15,39,6,6,20,21,24,43,14,,,24,13,23,14,13,8,17
CHITTAGONG UNIVERSITY OF ENGINEERING AND TECHNOLOGY,8,4,30,12,11,8,16,25,10,9,5,11,12,19,22,4,11,16,12
ISLAMIC UNIVERSITY OF TECHNOLOGY,9,3,7,4,8,6,2,6,6,4,7,7,14,6,10,9,6,6,6
UNIVERSITY OF DHAKA,10,7,5,9,3,2,7,12,8,6,2,1,2,2,2,3,2,5,13
NOAKHALI SCIENCE & TECHNOLOGY UNIVERSITY,11,26,,,38,25,24,20,35,27,29,27,35,25,29,37,45,26,39
MAWLANA BHASHANI SCIENCE & TECHNOLOGY UNIVERSITY,12,14,24,20,21,18,10,17,15,17,15,10,18,21,6,16,10,12,8
GREEN UNIVERSITY OF BANGLADESH,13,9,9,16,10,39,6,9,31,40,25,34,22,33,16,35,44,25,45
AHSANULLAH UNIVERSITY OF SCIENCE AND TECHNOLOGY,14,12,11,27,13,14,8,23,19,16,26,22,27,59,30,13,15,10,7
DAFFODIL INTERNATIONAL UNIVERSITY,15,19,14,25,9,12,4,5,18,15,16,14,10,10,15,21,31,23,34
AMERICAN INTERNATIONAL UNIVERSITY-BANGLADESH,16,18,17,31,18,13,9,7,20,20,14,19,30,46,21,47,19,34,
COMILLA UNIVERSITY,17,28,16,14,25,7,11,14,23,10,19,12,6,5,11,5,12,7,22
EAST WEST UNIVERSITY,18,27,21,19,29,24,25,27,5,5,23,13,15,17,5,18,21,15,5
NORTH SOUTH UNIVERSITY,19,10,8,8,17,16,13,,13,11,9,8,17,30,20,29,14,13,14
INTERNATIONAL UNIVERSITY OF BUSINESS AGRICULTURE & TECHNOLOGY,20,22,18,21,28,30,14,18,34,24,,,28,28,24,23,46,44,28
UNIVERSITY OF BARISAL,21,33,33,32,16,37,28,,9,44,40,,38,23,46,,35,11,36
KHULNA UNIVERSITY,22,,,1,22,26,26,,21,22,20,16,11,11,14,10,23,,
SYLHET ENGINEERING COLLEGE,23,21,19,15,20,19,17,11,30,21,21,24,13,18,26,22,26,36,11
MILITARY INSTITUTE OF SCIENCE & TECHNOLOGY,24,17,12,18,24,21,18,15,29,12,18,15,25,20,27,30,16,21,33
INTERNATIONAL ISLAMIC UNIVERSITY CHITTAGONG,25,29,20,30,26,17,20,8,,26,42,26,20,26,36,17,27,14,16
PABNA UNIVERSITY OF SCIENCE AND TECHNOLOGY,26,23,,44,47,45,,32,22,,55,39,29,50,,59,56,,
PREMIER UNIVERSITY,27,44,36,,33,74,31,,,35,39,,64,41,,,42,,30
JAHANGIRNAGAR UNIVERSITY,28,16,6,26,15,5,,10,17,13,6,9,7,8,8,7,5,9,15
PATUAKHALI SCIENCE & TECHNOLOGY UNIVERSITY,29,36,27,29,19,56,35,,7,43,27,,5,16,4,12,17,17,21
METROPOLITAN UNIVERSITY,30,20,,41,14,15,27,21,14,28,30,23,31,43,47,36,28,31,20
NETROKONA UNIVERSITY,31,24,26,24,34,41,36,19,28,39,36,37,45,24,,51,65,46,27
UNIVERSITY OF CHITTAGONG,32,13,13,22,35,10,39,,24,25,13,17,16,15,42,33,22,37,19
UNITED INTERNATIONAL UNIVERSITY,33,34,29,42,46,43,32,22,40,33,43,29,21,48,38,28,48,24,25
ISLAMIC UNIVERSITY,34,38,28,10,27,29,50,28,25,29,38,48,32,12,19,27,33,19,
NORTHERN UNIVERSITY OF BUSINESS AND TECHNOLOGY,35,32,43,47,41,32,,26,44,41,,50,63,94,,61,,,
BANGLADESH UNIVERSITY OF BUSINESS AND TECHNOLOGY,36,42,40,43,37,27,38,35,32,19,17,18,23,31,35,26,34,20,35
EAST DELTA UNIVERSITY,37,56,,,30,35,23,,26,31,,32,,27,34,,40,32,26
UTTARA UNIVERSITY,38,,46,51,39,94,42,,42,77,50,45,50,67,,50,,,
NORTHERN UNIVERSITY BANGLADESH,39,46,25,,,72,,,,,,52,43,63,,64,,,
MYMENSINGH ENGINEERING COLLEGE,40,40,46,,,75,,,,49,,,64,88,,,,49,
VARENDRA UNIVERSITY,41,,,,43,40,,,,53,37,,,47,,,49,39,
UNIVERSITY OF ASIA PACIFIC,42,50,,28,49,57,29,30,36,60,35,31,51,38,33,39,37,27,41
NATIONAL INSTITUTE OF TEXTILE ENGINEERING AND RESEARCH,43,35,46,52,,51,52,,38,42,,,,78,,,,52,
"UNIVERSITY OF FRONTIER TECHNOLOGY, BANGLADESH",44,,35,39,44,58,,,,,,35,,87,,,,,
JATIYA KABI KAZI NAZRUL ISLAM UNIVERSITY,45,53,23,36,52,52,,33,41,37,33,,,75,41,38,55,,48
EASTERN UNIVERSITY,46,41,44,23,40,34,,,,,,,,94,,,,,
CITY UNIVERSITY,47,,,33,56,64,43,31,,74,,,58,69,,,,,
DHAKA UNIVERSITY OF ENGINEERING & TECHNOLOGY,48,43,,35,31,31,33,,27,30,31,,,22,32,41,32,29,
LEADING UNIVERSITY,49,39,15,13,12,28,19,29,12,18,28,,26,36,17,19,29,40,23
PORT CITY INTERNATIONAL UNIVERSITY,50,68,,,,49,49,39,,68,47,40,57,32,,,59,,31
SOUTHEAST UNIVERSITY,51,47,,46,51,76,40,,47,63,45,,,35,13,40,30,51,
BANGLADESH ARMY UNIVERSITY OF ENGINEERING AND TECHNOLOGY,52,73,,48,,91,,,,57,,,59,81,48,24,47,,
HAJEE MOHAMMAD DANESH SCIENCE AND TECHNOLOGY UNIVERSITY,53,,,,45,22,,,,36,10,46,37,40,28,49,18,47,
TEJGAON COLLEGE,54,57,,,,78,,,,58,,,,71,,,54,,
NORTH EAST UNIVERSITY BANGLADESH,55,,,50,,83,,34,,59,,33,64,56,43,48,52,45,32
INSTITUTE OF SCIENCE TRADE & TECHNOLOGY (ISTT),56,,,58,,44,,,,,,,,51,,,58,,
UNIVERSITY OF INFORMATION TECHNOLOGY & SCIENCES,57,52,46,40,53,47,41,,37,61,49,44,44,60,50,55,38,22,37
"INDEPENDENT UNIVERSITY, BANGLADESH",58,54,42,,55,68,,,53,,57,30,,66,51,32,36,28,46
"BEGUM ROKEYA UNIVERSITY, RANGPUR",59,,,,,86,,,,38,48,36,39,29,37,31,24,43,43
PRIME UNIVERSITY,60,63,34,45,50,48,,,39,48,22,49,60,85,,34,,,44
NOTRE DAME UNIVERSITY BANGLADESH,61,,,57,,92,,,,,53,,64,94,,64,,,
INSTITUTE OF SCIENCE AND TECHNOLOGY,62,70,46,,,54,46,,48,47,24,42,40,34,39,25,41,,9
FENI UNIVERSITY,63,80,,60,58,81,47,37,45,79,34,53,,62,45,,,,18
BANGLADESH UNIVERSITY OF PROFESSIONALS,64,65,41,56,48,101,,39,,75,54,21,48,49,,53,64,41,50
INTERNATIONAL ISLAMI UNIVERSITY OF SCIENCE AND TECHNOLOGY BANGLADESH,65,66,,38,,46,,,,,,,53,91,44,,,,
DHAKA INTERNATIONAL UNIVERSITY,66,81,46,37,57,71,44,36,46,51,44,25,49,94,,62,,,
BGC TRUST UNIVERSITY BANGLADESH,67,48,45,59,,42,,,,,,,,90,,,61,,
R. P. SHAHA UNIVERSITY,68,,,,,85,,,,79,,43,33,44,,,53,,47
CHANDPUR SCIENCE AND TECHNOLOGY UNIVERSITY,69,61,46,,,79,48,38,56,67,41,54,54,94,,44,,,52
JAMALPUR SCIENCE AND TECHNOLOGY UNIVERSITY,70,49,32,,,61,,,,,,,,,,,,,
BANGLADESH ARMY INTERNATIONAL UNIVERSITY OF SCIENCE AND TECHNOLOGY,71,76,,,,70,53,,,65,52,55,55,94,51,42,66,48,51
ASIAN UNIVERSITY OF BANGLADESH,71,82,46,,,102,,,,78,,,,76,,,,,
INTERNATIONAL UNIVERSITY OF SCHOLARS,71,,46,,,55,,,,,,,,72,,,,,
MANARAT INTERNATIONAL UNIVERSITY,71,30,46,53,59,102,,,,,,,,94,,,,,
"RABINDRA MAITREE UNIVERSITY, KUSHTIA",71,,,,,,,,,,,,,,,,,,
SYLHET INTERNATIONAL UNIVERSITY,71,,,,,90,51,39,,73,,58,,80,,46,51,33,
SONARGAON UNIVERSITY,71,59,,,,36,,,51,54,,,,55,,,57,,
AHSANIA MISSION UNIVERSITY OF SCIENCE AND TECHNOLOGY,,77,,,,,,,,,,,,,,,,,
AHSANULLAH INSTITUTE OF INFORMATION AND COMMUNICATION TECHNOLOGY,,,,,,,,,,,,,,,,,,,
ATISH DIPANKAR UNIVERSITY OF SCIENCE AND TECHNOLOGY,,,,,,,,,,,,,,94,,,,,
BANGAMATA SHEIKH FOJILATUNNESA MUJIB SCIENCE AND TECHNOLOGY UNIVERSITY,,,,,,,,,,,,,,58,,56,,,38
BANGLADESH AGRICULTURAL UNIVERSITY,,60,37,,,82,45,,49,64,,,47,82,,64,,,
BANGLADESH ARMY UNIVERSITY OF SCIENCE AND TECHNOLOGY,,,,,,,,,,46,,47,,73,,52,,,
BANGLADESH DIGITAL UNIVERSITY,,,,,,,,,,,,,,,,,,,
BANGLADESH OPEN UNIVERSITY,,64,,,,93,,39,,,,58,,70,,,,,
BANGLADESH UNIVERSITY,,75,,,,84,,,55,71,56,56,,94,,64,,,
BANGLADESH UNIVERSITY OF TEXTILES,,,,,,,,,,,,,,68,,,,,
BARISAL INFORMATION TECHNOLOGY COLLEGE,,,,,,,,,,,,,,94,,,,,
BGIFT INSTITUTE OF SCIENCE AND TECHNOLOGY,,,,,,,,,,,,,,,,,,,
BRAHMANBARIA POLYTECHNIC INSTITUTE,,,,,,,,,,79,,,,94,,,,,
CANADIAN UNIVERSITY OF BANGLADESH,,,,,,,,,,,,58,,94,,57,,,
CCN UNIVERSITY OF SCIENCE AND TECHNOLOGY,,45,,,,98,,,,50,,51,,65,,,,,
CENTRAL UNIVERSITY OF SCIENCE AND TECHNOLOGY,,,,,,,,,,,,,,94,,,,,
CENTRAL WOMENS UNIVERSITY,,,,,,,,,,,,,,94,,,,,
CHATTOGRAM POLYTECHNIC INSTITUTE,,,,,,,,,,79,,,,64,,,,,
CHITTAGONG INDEPENDENT UNIVERSITY,,,,,,73,,,56,66,,,,94,,,,53,
"CITY UNIVERSITY, BANGLADESH",,,,,,,,,,,,,,,,,,,
"COLLEGE OF BUSINESS SCIENCE AND TECHNOLOGY, MYMENSINGH",,,,,,97,,,,,,,,94,,,,,
CUMILLA POLYTECHNIC INSTITUTE,,,,,,,,,,,,,,,,,,,
DAFFODIL INSTITUTE OF IT (DIIT),,78,,,,102,,,,56,,,,79,,,60,,
DAFFODIL INTERNATIONAL COLLEGE,,,,,,,,,,79,,,,,,,,,
DAFFODIL POLYTECHNIC INSTITUTE,,74,,,,,,,,,,,,,,,,,
"DELTA COMPUTER SCIENCE COLLEGE, RANGPUR",,,,,,102,,,,,,,,,,,,,
DHAKA CITY COLLEGE,,62,,34,,62,,,,34,,,56,37,49,,20,42,49
DHAKA RESIDENTIAL MODEL COLLEGE,,,,,,,,,,,,,,,,,,,
DR. SEKANDAR ALI COLLEGE,,,,,,,,,,,,,,,,,,,
EUROPEAN UNIVERSITY OF BANGLADESH,,,,,,63,,,,79,,,,,,,,,
FAREAST INTERNATIONAL UNIVERSITY,,,,,,,,,,,,,,86,,,,,
FARIDPUR ENGINEERING COLLEGE,,58,,,,50,,,,,,,41,45,,,62,,
GERMAN UNIVERSITY BANGLADESH,,,,,,,,,,,,,,94,,,,,
GONO BISHWABIDYALAY (GONO UNIVERSITY),,,,,,102,,,,,,,52,54,,,,,
GOPALGANJ SCIENCE AND TECHNOLOGY UNIVERSITY (GSTU),,31,,,36,60,37,,,32,,,34,52,31,,25,,
"GOVT. SHAHID SUHRAWARDY COLLEGE, DHAKA",,,,,,,,,,,,,,,,,,,
HAMDARD UNIVERSITY BANGLADESH,,,,,,100,,,,,,,,94,,,,,
HEADWAY ENGINEERING INSTITUTE | SYLHET,,,,,,,,,,,,,,94,,,,,
"IMPERIAL COLLEGE OF ENGINEERING, KHULNA",,,,,,88,,,,69,,,,94,,,,,
INSTITUTE OF COMPUTER SCIENCE AND TECHNOLOGY (ICST),,,,,,,,,,,,,,,,,,,
INTERNATIONAL STANDARD UNIVERSITY,,,,,,102,,,,,,,,94,,58,,,
JAGANNATH UNIVERSITY,,37,31,55,32,33,,,33,45,32,28,36,42,25,20,43,,
KHWAJA YUNUS ALI UNIVERSITY,,71,,,,66,,,52,70,,57,62,94,,,,,
KISHOREGANJ UNIVERSITY,,,38,49,42,65,30,,,52,51,38,42,77,40,45,50,38,42
MODEL INSTITUTE OF SCIENCE AND TECHNOLOGY,,,,,,,,,,,,,,,,,,,
NATIONAL UNIVERSITY,,,,,,,,,,,,,,,,,,35,
"NORTH WESTERN UNIVERSITY, KHULNA",,,,,,67,,,,,,,,53,,,,,
PABNA ENGINEERING COLLEGE,,,,,,102,,,,,,,,,,,,,
PABNA GOVERNMENT POLYTECHNIC INSTITUTE,,82,,,,,,,,,,,,,,,,,
PIROJPUR SCIENCE AND TECHNOLOGY UNIVERSITY,,69,,,,102,,,56,,,,,,,,,,
PRESIDENCY UNIVERSITY,,,46,54,54,53,,,50,55,,,,94,,,,,
PRIMEASIA UNIVERSITY,,,,,,,,,,,,,,94,,,,,
PUNDRA UNIVERSITY OF SCIENCE AND TECHNOLOGY,,79,,,,,,,,79,,,,94,,64,,,
RANGAMATI SCIENCE AND TECHNOLOGY UNIVERSITY,,25,,,,38,34,,,,,,,39,,,39,,29
RANGPUR ENGINEERING COLLEGE,,,,,,77,,,,72,,,46,83,,,,,
RANGPUR POLYTECHNIC INSTITUTE,,55,,,,69,,,,,,,,84,,,,,
RTM AL-KABIR TECHNICAL UNIVERSITY,,,,,,,,,,,,,,93,,64,,,
SHANTO MARIAM UNIVERSITY OF CREATIVE TECHNOLOGY,,51,,,,102,,,54,62,46,41,61,94,,43,63,50,40
SHEIKH BURHANUDDIN POST GRADUATE COLLEGE,,,,,,,,,,,,,,,,,,,
SHEIKH FAZILATUNNESA MUJIB UNIVERSITY,,,,,,,,,,,,,,94,,,,,
SIMT ENGINEERING COLLEGE,,,,,,,,,,,,,,,,,,,
SOUTHERN UNIVERSITY BANGLADESH,,,,,,99,,,,,,,,92,,,,,
STAMFORD UNIVERSITY BANGLADESH,,67,,,,102,,,,,,,,,,,,,
STATE UNIVERSITY OF BANGLADESH,,,,,,95,,,,,,,,89,,,,,
SUNAMGONJ SCIENCE & TECHNOLOGY UNIVERSITY,,,,,,,,,,,,,64,,,,,,
TEESTA UNIVERSITY,,,,,,87,,,,,,,,94,,,,,
THAKURGAON POLYTECHNIC INSTITUTE,,72,,,,96,,,,,,,,,,,,,
TMSS ENGINEERING COLLEGE,,,,,,102,,,,,,,,94,,63,,,
UNITED COLLEGE OF AVIATION SCIENCE AND MANAGEMENT,,,,,,,,,,79,,,,,,,,,
"UNIVERSITY OF CREATIVE TECHNOLOGY, CHITTAGONG",,,,,,102,,,,,,,,57,,,,,
UNIVERSITY OF DEVELOPMENT ALTERNATIVE,,,,,,,,,,,,,,,,,,,
UNIVERSITY OF GLOBAL VILLAGE,,,,,,80,,,,76,,,,74,,60,,,
UNIVERSITY OF LIBERAL ARTS BANGLADESH,,,46,,,102,,,,,,,64,61,,54,,,
UNIVERSITY OF SCIENCE & TECHNOLOGY CHITTAGONG,,,,,,,,,,,,,,,,,,,
WORLD UNIVERSITY OF BANGLADESH,,,,,,59,,,,,,,,94,,,,,
Z. H. SIKDER UNIVERSITY OF SCIENCE AND TECHNOLOGY,,,,,,89,,,,,,,,94,,,,,
