Institution,Rating
BANGLADESH UNIVERSITY OF ENGINEERING AND TECHNOLOGY,3276
SHAHJALAL UNIVERSITY OF SCIENCE & TECHNOLOGY,2743
RAJSHAHI UNIVERSITY OF ENGINEERING & TECHNOLOGY,2649
UNIVERSITY OF DHAKA,2483
ISLAMIC UNIVERSITY OF TECHNOLOGY,2378
BRAC UNIVERSITY,2259
UNIVERSITY OF RAJSHAHI,2010
CHITTAGONG UNIVERSITY OF ENGINEERING AND TECHNOLOGY,2006
KHULNA UNIVERSITY OF ENGINEERING & TECHNOLOGY,1880
JASHORE UNIVERSITY OF SCIENCE AND TECHNOLOGY,1843
GREEN UNIVERSITY OF BANGLADESH,1814
KHULNA UNIVERSITY,1797
NORTH SOUTH UNIVERSITY,1795
JAHANGIRNAGAR UNIVERSITY,1786
MAWLANA BHASHANI SCIENCE & TECHNOLOGY UNIVERSITY,1726
AHSANULLAH UNIVERSITY OF SCIENCE AND TECHNOLOGY,1721
DAFFODIL INTERNATIONAL UNIVERSITY,1663
COMILLA UNIVERSITY,1610
AMERICAN INTERNATIONAL UNIVERSITY-BANGLADESH,1594
SYLHET ENGINEERING COLLEGE,1379
MILITARY INSTITUTE OF SCIENCE & TECHNOLOGY,1379
INTERNATIONAL UNIVERSITY OF BUSINESS AGRICULTURE & TECHNOLOGY,1307
UNIVERSITY OF CHITTAGONG,1301
LEADING UNIVERSITY,1253
EAST WEST UNIVERSITY,1225
METROPOLITAN UNIVERSITY,1178
ISLAMIC UNIVERSITY,1136
UNIVERSITY OF BARISAL,1082
INTERNATIONAL ISLAMIC UNIVERSITY CHITTAGONG,1066
NOAKHALI SCIENCE & TECHNOLOGY UNIVERSITY,1010
"CITY UNIVERSITY, BANGLADESH",950
PATUAKHALI SCIENCE & TECHNOLOGY UNIVERSITY,836
NETROKONA UNIVERSITY,808
PABNA UNIVERSITY OF SCIENCE AND TECHNOLOGY,745
JATIYA KABI KAZI NAZRUL ISLAM UNIVERSITY,692
RANGAMATI SCIENCE AND TECHNOLOGY UNIVERSITY,669
HAJEE MOHAMMAD DANESH SCIENCE AND TECHNOLOGY UNIVERSITY,665
EASTERN UNIVERSITY,651
UNITED INTERNATIONAL UNIVERSITY,645
GOPALGANJ SCIENCE AND TECHNOLOGY UNIVERSITY (GSTU),635
DHAKA UNIVERSITY OF ENGINEERING & TECHNOLOGY,610
NATIONAL UNIVERSITY,572
UNIVERSITY OF ASIA PACIFIC,565
BANGLADESH UNIVERSITY OF BUSINESS AND TECHNOLOGY,554
NORTHERN UNIVERSITY BANGLADESH,550
NORTHERN UNIVERSITY OF BUSINESS AND TECHNOLOGY,541
PREMIER UNIVERSITY,519
VARENDRA UNIVERSITY,515
CCN UNIVERSITY OF SCIENCE AND TECHNOLOGY,506
EAST DELTA UNIVERSITY,503
JAGANNATH UNIVERSITY,496
PRIME UNIVERSITY,470
DHAKA CITY COLLEGE,455
MANARAT INTERNATIONAL UNIVERSITY,451
CITY UNIVERSITY,431
NATIONAL INSTITUTE OF TEXTILE ENGINEERING AND RESEARCH,400
"UNIVERSITY OF FRONTIER TECHNOLOGY, BANGLADESH",382
SOUTHEAST UNIVERSITY,380
UNIVERSITY OF INFORMATION TECHNOLOGY & SCIENCES,370
SHANTO MARIAM UNIVERSITY OF CREATIVE TECHNOLOGY,364
MYMENSINGH ENGINEERING COLLEGE,360
INTERNATIONAL ISLAMI UNIVERSITY OF SCIENCE AND TECHNOLOGY BANGLADESH,356
UTTARA UNIVERSITY,354
KISHOREGANJ UNIVERSITY,320
DHAKA INTERNATIONAL UNIVERSITY,305
SONARGAON UNIVERSITY,301
TEJGAON COLLEGE,280
NORTH EAST UNIVERSITY BANGLADESH,279
BANGLADESH AGRICULTURAL UNIVERSITY,267
JAMALPUR SCIENCE AND TECHNOLOGY UNIVERSITY,259
BANGLADESH ARMY INTERNATIONAL UNIVERSITY OF SCIENCE AND TECHNOLOGY,257
BGC TRUST UNIVERSITY BANGLADESH,249
INSTITUTE OF SCIENCE AND TECHNOLOGY,230
BANGLADESH UNIVERSITY OF PROFESSIONALS,227
BANGLADESH ARMY UNIVERSITY OF ENGINEERING AND TECHNOLOGY,224
INSTITUTE OF SCIENCE TRADE & TECHNOLOGY (ISTT),222
NOTRE DAME UNIVERSITY BANGLADESH,215
"BEGUM ROKEYA UNIVERSITY, RANGPUR",212
RANGPUR POLYTECHNIC INSTITUTE,201
PRESIDENCY UNIVERSITY,194
BANGLADESH ARMY UNIVERSITY OF SCIENCE AND TECHNOLOGY,189
"INDEPENDENT UNIVERSITY, BANGLADESH",188
PORT CITY INTERNATIONAL UNIVERSITY,186
FARIDPUR ENGINEERING COLLEGE,173
CHANDPUR SCIENCE AND TECHNOLOGY UNIVERSITY,172
UNITED COLLEGE OF AVIATION SCIENCE AND MANAGEMENT,146
PIROJPUR SCIENCE AND TECHNOLOGY UNIVERSITY,138
FENI UNIVERSITY,135
DAFFODIL POLYTECHNIC INSTITUTE,129
BANGAMATA SHEIKH FOJILATUNNESA MUJIB SCIENCE AND TECHNOLOGY UNIVERSITY,124
STAMFORD UNIVERSITY BANGLADESH,121
BANGLADESH OPEN UNIVERSITY,119
"DELTA COMPUTER SCIENCE COLLEGE, RANGPUR",116
KHWAJA YUNUS ALI UNIVERSITY,114
THAKURGAON POLYTECHNIC INSTITUTE,108
UNIVERSITY OF LIBERAL ARTS BANGLADESH,101
R. P. SHAHA UNIVERSITY,95
AHSANIA MISSION UNIVERSITY OF SCIENCE AND TECHNOLOGY,95
DAFFODIL INSTITUTE OF IT (DIIT),89
PUNDRA UNIVERSITY OF SCIENCE AND TECHNOLOGY,83
BANGLADESH UNIVERSITY,82
WORLD UNIVERSITY OF BANGLADESH,62
CANADIAN UNIVERSITY OF BANGLADESH,55
CHITTAGONG INDEPENDENT UNIVERSITY,55
SYLHET INTERNATIONAL UNIVERSITY,52
"IMPERIAL COLLEGE OF ENGINEERING, KHULNA",50
EUROPEAN UNIVERSITY OF BANGLADESH,48
INTERNATIONAL UNIVERSITY OF SCHOLARS,46
"NORTH WESTERN UNIVERSITY, KHULNA",41
RANGPUR ENGINEERING COLLEGE,40
UNIVERSITY OF GLOBAL VILLAGE,37
BANGLADESH UNIVERSITY OF TEXTILES,35
CHATTOGRAM POLYTECHNIC INSTITUTE,32
GONO BISHWABIDYALAY (GONO UNIVERSITY),28
"UNIVERSITY OF CREATIVE TECHNOLOGY, CHITTAGONG",20
INTERNATIONAL STANDARD UNIVERSITY,19
TMSS ENGINEERING COLLEGE,17
ASIAN UNIVERSITY OF BANGLADESH,16
FAREAST INTERNATIONAL UNIVERSITY,11
TEESTA UNIVERSITY,9
RTM AL-KABIR TECHNICAL UNIVERSITY,8
Z. H. SIKDER UNIVERSITY OF SCIENCE AND TECHNOLOGY,7
STATE UNIVERSITY OF BANGLADESH,6
SOUTHERN UNIVERSITY BANGLADESH,5
"COLLEGE OF BUSINESS SCIENCE AND TECHNOLOGY, MYMENSINGH",5
HAMDARD UNIVERSITY BANGLADESH,4
ATISH DIPANKAR UNIVERSITY OF SCIENCE AND TECHNOLOGY,0
BRAHMANBARIA POLYTECHNIC INSTITUTE,0
CENTRAL WOMENS UNIVERSITY,0
CENTRAL UNIVERSITY OF SCIENCE AND TECHNOLOGY,0
DAFFODIL INTERNATIONAL COLLEGE,0
BARISAL INFORMATION TECHNOLOGY COLLEGE,0
GERMAN UNIVERSITY BANGLADESH,0
HEADWAY ENGINEERING INSTITUTE | SYLHET,0
PABNA GOVERNMENT POLYTECHNIC INSTITUTE,0
PABNA ENGINEERING COLLEGE,0
PRIMEASIA UNIVERSITY,0
"RABINDRA MAITREE UNIVERSITY, KUSHTIA",0
SUNAMGONJ SCIENCE & TECHNOLOGY UNIVERSITY,0
SHEIKH FAZILATUNNESA MUJIB UNIVERSITY,0
AHSANULLAH INSTITUTE OF INFORMATION AND COMMUNICATION TECHNOLOGY,
BANGLADESH DIGITAL UNIVERSITY,
BGIFT INSTITUTE OF SCIENCE AND TECHNOLOGY,
CUMILLA POLYTECHNIC INSTITUTE,
DHAKA RESIDENTIAL MODEL COLLEGE,
DR. SEKANDAR ALI COLLEGE,
"GOVT. SHAHID SUHRAWARDY COLLEGE, DHAKA",
INSTITUTE OF COMPUTER SCIENCE AND TECHNOLOGY (ICST),
MODEL INSTITUTE OF SCIENCE AND TECHNOLOGY,
SHEIKH BURHANUDDIN POST GRADUATE COLLEGE,
SIMT ENGINEERING COLLEGE,
UNIVERSITY OF DEVELOPMENT ALTERNATIVE,
UNIVERSITY OF SCIENCE & TECHNOLOGY CHITTAGONG,
